{"cameraMode":{"drawMode":0,"name":"Shaded","section":"Shading Mode"},"sceneLighting":true,"audioPlay":false,"sceneViewState":{"showFog":true,"showMaterialUpdate":false,"showSkybox":true,"showFlares":true,"showImageEffects":true,"showParticleSystems":true},"in2DMode":false,"pivot":{"x":3.002000093460083,"y":0.9544623494148254,"z":3.671837568283081},"rotation":{"x":-0.5185138583183289,"y":-0.4807277023792267,"z":0.520329475402832,"w":-0.47893279790878298},"size":25.403472900390626,"orthographic":true}