{"cameraMode":{"drawMode":0,"name":"Shaded","section":"Shading Mode"},"sceneLighting":true,"audioPlay":false,"sceneViewState":{"showFog":true,"showMaterialUpdate":false,"showSkybox":true,"showFlares":true,"showImageEffects":true,"showParticleSystems":true},"in2DMode":false,"pivot":{"x":-0.19046257436275483,"y":1.0959258079528809,"z":3.092731237411499},"rotation":{"x":-0.10907745361328125,"y":-0.35377413034439089,"z":0.041580814868211749,"w":-0.9280314445495606},"size":1.0849882364273072,"orthographic":true}