{"cameraMode":{"drawMode":0,"name":"Shaded","section":"Shading Mode"},"sceneLighting":false,"audioPlay":false,"sceneViewState":{"showFog":true,"showMaterialUpdate":false,"showSkybox":false,"showFlares":true,"showImageEffects":true,"showParticleSystems":true},"in2DMode":false,"pivot":{"x":0.0,"y":0.9544623494148254,"z":-0.0976591557264328},"rotation":{"x":0.0014365131501108409,"y":0.9927371740341187,"z":-0.11970353126525879,"w":0.011913427151739598},"size":1.415897250175476,"orthographic":true}