{"cameraMode":{"drawMode":0,"name":"Shaded","section":"Shading Mode"},"sceneLighting":false,"audioPlay":false,"sceneViewState":{"showFog":true,"showMaterialUpdate":false,"showSkybox":false,"showFlares":true,"showImageEffects":true,"showParticleSystems":true},"in2DMode":false,"pivot":{"x":0.002923250198364258,"y":0.9286152124404907,"z":-0.014227889478206635},"rotation":{"x":-0.07056885212659836,"y":0.7589837908744812,"z":-0.08344181627035141,"w":-0.6418821811676025},"size":1.2919567823410035,"orthographic":true}