{"cameraMode":{"drawMode":0,"name":"Shaded","section":"Shading Mode"},"sceneLighting":true,"audioPlay":false,"sceneViewState":{"showFog":true,"showMaterialUpdate":false,"showSkybox":true,"showFlares":true,"showImageEffects":true,"showParticleSystems":true},"in2DMode":false,"pivot":{"x":2.1698570251464845,"y":0.0017572676297277213,"z":40.95520782470703},"rotation":{"x":-0.32595884799957278,"y":0.6300727725028992,"z":-0.3297380805015564,"w":-0.6229747533798218},"size":9.636131286621094,"orthographic":true}